-- --------------------------------------------------------
-- Host:                         127.0.0.1
-- Server version:               8.4.3 - MySQL Community Server - GPL
-- Server OS:                    Win64
-- HeidiSQL Version:             12.8.0.6908
-- --------------------------------------------------------

/*!40101 SET @OLD_CHARACTER_SET_CLIENT=@@CHARACTER_SET_CLIENT */;
/*!40101 SET NAMES utf8 */;
/*!50503 SET NAMES utf8mb4 */;
/*!40103 SET @OLD_TIME_ZONE=@@TIME_ZONE */;
/*!40103 SET TIME_ZONE='+00:00' */;
/*!40014 SET @OLD_FOREIGN_KEY_CHECKS=@@FOREIGN_KEY_CHECKS, FOREIGN_KEY_CHECKS=0 */;
/*!40101 SET @OLD_SQL_MODE=@@SQL_MODE, SQL_MODE='NO_AUTO_VALUE_ON_ZERO' */;
/*!40111 SET @OLD_SQL_NOTES=@@SQL_NOTES, SQL_NOTES=0 */;


-- Dumping database structure for qldatsan
CREATE DATABASE IF NOT EXISTS `qldatsan` /*!40100 DEFAULT CHARACTER SET utf8mb4 COLLATE utf8mb4_unicode_ci */ /*!80016 DEFAULT ENCRYPTION='N' */;
USE `qldatsan`;

-- Dumping structure for table qldatsan.images
CREATE TABLE IF NOT EXISTS `images` (
  `image_id` int NOT NULL AUTO_INCREMENT,
  `image` varchar(255) CHARACTER SET utf8mb4 COLLATE utf8mb4_unicode_ci NOT NULL,
  `yard_id` int NOT NULL,
  PRIMARY KEY (`image_id`),
  KEY `yard_id` (`yard_id`) USING BTREE,
  CONSTRAINT `FK_images_yards` FOREIGN KEY (`yard_id`) REFERENCES `yards` (`yard_id`) ON DELETE CASCADE
) ENGINE=InnoDB AUTO_INCREMENT=115 DEFAULT CHARSET=utf8mb4 COLLATE=utf8mb4_unicode_ci;

-- Dumping data for table qldatsan.images: ~39 rows (approximately)
INSERT INTO `images` (`image_id`, `image`, `yard_id`) VALUES
	(52, 'yards/bIubSc65myZDxKlHKATRdv0tdZiQ18WTVFn3gG79.jpg', 26),
	(56, 'yards/ZKtfxuYfDvGjlSWLgm3pF691T63kZVcfgCKkjKHV.jpg', 2),
	(57, 'yards/i6gYchXgCZxiUp7zqz0J8n2LjP8pH7eqUR0pZcHx.jpg', 9),
	(58, 'yards/1VOdq3dnhmMPaddJ7TXb3zdXavKXAFeUaKg5CVZD.jpg', 1),
	(60, 'yards/QOwwnPg0MxHkZBTWoFKF32ntB2cfTvEbWnFiIks1.jpg', 5),
	(61, 'yards/eIglu5RMPLiq6eYCjXYCWpYCnkdxD1vWIj1EKqO0.jpg', 4),
	(62, 'yards/BAuEOCESl9y1COazJil1zMj79P9NcrylCRyDxrDR.png', 6),
	(63, 'yards/bHEuhcJkscgrwgWdKRKs2gRWkk9b04LXkqbqz1fG.jpg', 19),
	(66, 'yards/kFOcEvdAJGqd3wxFVvvcpJApRPWy4sAAAvnzvkNG.jpg', 7),
	(67, 'yards/IP6fuoGchO1sPPe3D5gs4sNLwpVeKpApbxWr3kqy.jpg', 8),
	(68, 'yards/EA30nMHaykE8wpVr0BcLKQvnBLLbbUX9aUdLlddH.jpg', 22),
	(76, 'yards/7qwuuFL4DABCW75MRYkCL1udqpAuBxqg91VgXjzn.jpg', 2),
	(81, 'yards/5cEZTNX68DNuH3j4fulTXdpOUonPDTBw8HFrpwjF.jpg', 28),
	(83, 'yards/dHU6NjEhHReu3Nf8YrgChqkKQMRqqTxhZv1TUcz7.jpg', 29),
	(86, 'yards/OcqjmuJN09qXBZKkcCflu8ISJMjnxE3FVsGobK1l.jpg', 31),
	(89, 'yards/xclrU8LmNATZV2LnLxE4Kqg87h7aOncAPkkZCMi3.jpg', 22),
	(90, 'yards/OxlClvrc5Qg67T2lwd09gYnCVsmeHn4rvBdGf9Zj.jpg', 22),
	(91, 'yards/RL5lSGHSXa4hB3Pivz5Jt2jstVQGcqeBnQiYbFUJ.jpg', 34),
	(92, 'yards/o4tOW1VgCMBp9f7QyFeNoJMv3lLM3DjDzvs0V7KJ.jpg', 34),
	(93, 'yards/A9QxfJYby0k0mPAK0gKZwOKf73mWv7RHFwzPPtA2.jpg', 34),
	(94, 'yards/lP5UO03kYfutX3bGc9oDFeeAt4aSOkVUtzCaTTZB.jpg', 35),
	(95, 'yards/GxrttSiysuK7mkLbklSceHQT0156yIWSgrVZNtDI.jpg', 35),
	(96, 'yards/mWDgbw0YlCyXLiM6YqvsYm7Tkst5fKMlweSkHV4B.jpg', 35),
	(97, 'yards/wnqiXCNuHOQEH2teeuk8j6BtgG0rLjKSGj6l9Tc4.jpg', 7),
	(98, 'yards/fnlrN8NXX5T6krLJt7EZl05NlF6x1nFiLKtnD478.jpg', 4),
	(99, 'yards/tgJxp4z83zAIQMTf1flA2VjWVAzmjI4XWrujJfCk.jpg', 4),
	(100, 'yards/AWRALgS5zNAdq9WbxLOquCyDrJwzCdBCrzUqmwW9.jpg', 5),
	(101, 'yards/uOJvmtuHDz0rVvKmpnsQC1MTPoYHjGAF8ZMB8mmx.jpg', 5),
	(102, 'yards/cOqlKbm4POt7S2NOwAlqYbxUWsfUvi2Fct236rop.jpg', 1),
	(103, 'yards/SO7ZnY3S1kVo0vfHZfhp0oGngQzHrYoja9w4AelF.jpg', 9),
	(104, 'yards/LZuxbN75V6yg5vvpvFf87olmb6T4HNKgWz7Uf8S4.jpg', 31),
	(105, 'yards/vZGNY3IsYIaX2Z13t83Go00W9FveaSLOe0ZJqNch.jpg', 29),
	(106, 'yards/QgvBf2iBuEeOAjPlv8Vbe7uWojXeQOJ2pv2RlYZ1.jpg', 28),
	(107, 'yards/tmjVtx5c72i4VSqFIBH93J0L1yDj3aIHVrTN4VHB.jpg', 29),
	(108, 'yards/ITshPo5rplIpJdQdcnnhSy6oshvwi06xGoXQHoUp.jpg', 28),
	(109, 'yards/ekONIOJFRbpxu81Upiu4wmQXgzooTEtKACpo9lSN.jpg', 9),
	(110, 'yards/m9PAsVwFZFcgA6pwj9vqYV6bFdEgpkf3vYwyzqiF.jpg', 26),
	(111, 'yards/m1x5kVq310eLrgHuRSwRITuDyLQf75GdHSHfiB4U.jpg', 26),
	(112, 'yards/1NmAaDn8Yn3hhIuY9u2Iuqa1ZhxLUT5cmg8LjcGn.jpg', 31);

-- Dumping structure for table qldatsan.orders
CREATE TABLE IF NOT EXISTS `orders` (
  `order_id` int NOT NULL AUTO_INCREMENT,
  `date` datetime NOT NULL,
  `name` varchar(255) CHARACTER SET utf8mb4 COLLATE utf8mb4_unicode_ci NOT NULL,
  `phone` varchar(10) CHARACTER SET utf8mb4 COLLATE utf8mb4_unicode_ci NOT NULL,
  `image` varchar(255) CHARACTER SET utf8mb4 COLLATE utf8mb4_unicode_ci DEFAULT NULL,
  `status` varchar(50) CHARACTER SET utf8mb4 COLLATE utf8mb4_unicode_ci NOT NULL,
  `user_id` int DEFAULT NULL,
  PRIMARY KEY (`order_id`),
  KEY `user_id` (`user_id`),
  CONSTRAINT `FK_orders_users` FOREIGN KEY (`user_id`) REFERENCES `users` (`user_id`) ON DELETE SET NULL
) ENGINE=InnoDB AUTO_INCREMENT=207 DEFAULT CHARSET=utf8mb4 COLLATE=utf8mb4_unicode_ci;

-- Dumping data for table qldatsan.orders: ~10 rows (approximately)
INSERT INTO `orders` (`order_id`, `date`, `name`, `phone`, `image`, `status`, `user_id`) VALUES
	(195, '2025-06-19 13:38:22', 'Nguyễn Hữu Quang Minh', '0563490783', '["bills\\/6853b05ec5802_thanhtoan.png"]', '1', NULL),
	(204, '2025-07-03 22:06:47', 'Nguyễn Hữu Quang Minh', '0563490783', '[]', '2', NULL),
	(206, '2025-07-03 22:38:38', 'Vũ Văn Huy', '0123789456', '[]', '1', NULL);

-- Dumping structure for table qldatsan.order_details
CREATE TABLE IF NOT EXISTS `order_details` (
  `order_detail_id` int NOT NULL AUTO_INCREMENT,
  `date` date NOT NULL,
  `time` varchar(255) CHARACTER SET utf8mb4 COLLATE utf8mb4_unicode_ci NOT NULL,
  `notes` varchar(255) CHARACTER SET utf8mb4 COLLATE utf8mb4_unicode_ci DEFAULT NULL,
  `price` varchar(255) CHARACTER SET utf8mb4 COLLATE utf8mb4_unicode_ci NOT NULL,
  `order_id` int NOT NULL,
  `yard_id` int DEFAULT NULL,
  `type_id` int DEFAULT NULL,
  PRIMARY KEY (`order_detail_id`),
  KEY `order_id` (`order_id`),
  KEY `yard_id` (`yard_id`),
  KEY `type_id` (`type_id`),
  CONSTRAINT `FK_order_details_orders` FOREIGN KEY (`order_id`) REFERENCES `orders` (`order_id`) ON DELETE CASCADE,
  CONSTRAINT `FK_order_details_types` FOREIGN KEY (`type_id`) REFERENCES `types` (`type_id`) ON DELETE SET NULL,
  CONSTRAINT `FK_order_details_yards` FOREIGN KEY (`yard_id`) REFERENCES `yards` (`yard_id`) ON DELETE SET NULL
) ENGINE=InnoDB AUTO_INCREMENT=141 DEFAULT CHARSET=utf8mb4 COLLATE=utf8mb4_unicode_ci;

-- Dumping data for table qldatsan.order_details: ~26 rows (approximately)
INSERT INTO `order_details` (`order_detail_id`, `date`, `time`, `notes`, `price`, `order_id`, `yard_id`, `type_id`) VALUES
	(117, '2025-06-19', '15:00 - 16:30', NULL, '600000', 195, 9, 1),
	(118, '2025-06-19', '15:00 - 16:00', NULL, '600000', 195, 5, 2),
	(135, '2025-07-04', '06:00 - 07:30', NULL, '500000', 204, 1, 1),
	(136, '2025-07-04', '07:30 - 09:00', NULL, '400000', 204, 1, 1),
	(139, '2025-07-04', '06:00 - 07:30', NULL, '500000', 206, 1, 1),
	(140, '2025-07-04', '07:30 - 09:00', NULL, '400000', 206, 1, 1);

-- Dumping structure for table qldatsan.times
CREATE TABLE IF NOT EXISTS `times` (
  `time_id` int NOT NULL AUTO_INCREMENT,
  `date` date DEFAULT NULL,
  `time` varchar(50) CHARACTER SET utf8mb4 COLLATE utf8mb4_unicode_ci NOT NULL,
  `price` varchar(50) CHARACTER SET utf8mb4 COLLATE utf8mb4_unicode_ci NOT NULL,
  `yard_id` int NOT NULL,
  PRIMARY KEY (`time_id`) USING BTREE,
  KEY `yard_id` (`yard_id`) USING BTREE,
  CONSTRAINT `FK_times_yards` FOREIGN KEY (`yard_id`) REFERENCES `yards` (`yard_id`) ON DELETE CASCADE
) ENGINE=InnoDB AUTO_INCREMENT=5125 DEFAULT CHARSET=utf8mb4 COLLATE=utf8mb4_unicode_ci;

-- Dumping data for table qldatsan.times: ~702 rows (approximately)
INSERT INTO `times` (`time_id`, `date`, `time`, `price`, `yard_id`) VALUES
	(2652, '2025-07-03', '06:00 - 07:00', '300000', 4),
	(2653, '2025-07-03', '07:00 - 08:00', '300000', 4),
	(2654, '2025-07-03', '08:00 - 09:00', '300000', 4),
	(2655, '2025-07-03', '09:00 - 10:00', '300000', 4),
	(2656, '2025-07-03', '13:00 - 14:00', '500000', 4),
	(2657, '2025-07-03', '14:00 - 15:00', '500000', 4),
	(2658, '2025-07-03', '15:00 - 16:00', '600000', 4),
	(2659, '2025-07-03', '16:00 - 17:00', '600000', 4),
	(2660, '2025-07-03', '17:00 - 18:00', '500000', 4),
	(2733, '2025-07-01', '06:00 - 07:00', '300000', 5),
	(2734, '2025-07-01', '07:00 - 08:00', '300000', 5),
	(2735, '2025-07-01', '08:00 - 09:00', '300000', 5),
	(2736, '2025-07-01', '09:00 - 10:00', '300000', 5),
	(2737, '2025-07-01', '13:00 - 14:00', '500000', 5),
	(2738, '2025-07-01', '14:00 - 15:00', '500000', 5),
	(2739, '2025-07-01', '15:00 - 16:00', '600000', 5),
	(2740, '2025-07-01', '16:00 - 17:00', '600000', 5),
	(2741, '2025-07-01', '17:00 - 18:00', '500000', 5),
	(2742, '2025-07-02', '06:00 - 07:00', '300000', 5),
	(2743, '2025-07-02', '07:00 - 08:00', '300000', 5),
	(2744, '2025-07-02', '08:00 - 09:00', '300000', 5),
	(2745, '2025-07-02', '09:00 - 10:00', '300000', 5),
	(2746, '2025-07-02', '13:00 - 14:00', '500000', 5),
	(2747, '2025-07-02', '14:00 - 15:00', '500000', 5),
	(2748, '2025-07-02', '15:00 - 16:00', '600000', 5),
	(2749, '2025-07-02', '16:00 - 17:00', '600000', 5),
	(2750, '2025-07-02', '17:00 - 18:00', '500000', 5),
	(2751, '2025-07-03', '06:00 - 07:00', '300000', 5),
	(2752, '2025-07-03', '07:00 - 08:00', '300000', 5),
	(2753, '2025-07-03', '08:00 - 09:00', '300000', 5),
	(2754, '2025-07-03', '09:00 - 10:00', '300000', 5),
	(2755, '2025-07-03', '13:00 - 14:00', '500000', 5),
	(2756, '2025-07-03', '14:00 - 15:00', '500000', 5),
	(2757, '2025-07-03', '15:00 - 16:00', '600000', 5),
	(2758, '2025-07-03', '16:00 - 17:00', '600000', 5),
	(2759, '2025-07-03', '17:00 - 18:00', '500000', 5),
	(2832, '2025-07-01', '06:00 - 07:00', '300000', 6),
	(2833, '2025-07-01', '07:00 - 08:00', '300000', 6),
	(2834, '2025-07-01', '08:00 - 09:00', '300000', 6),
	(2835, '2025-07-01', '09:00 - 10:00', '300000', 6),
	(2836, '2025-07-01', '13:00 - 14:00', '500000', 6),
	(2837, '2025-07-01', '14:00 - 15:00', '500000', 6),
	(2838, '2025-07-01', '15:00 - 16:00', '600000', 6),
	(2839, '2025-07-01', '16:00 - 17:00', '600000', 6),
	(2840, '2025-07-01', '17:00 - 18:00', '500000', 6),
	(2841, '2025-07-02', '06:00 - 07:00', '300000', 6),
	(2842, '2025-07-02', '07:00 - 08:00', '300000', 6),
	(2843, '2025-07-02', '08:00 - 09:00', '300000', 6),
	(2844, '2025-07-02', '09:00 - 10:00', '300000', 6),
	(2845, '2025-07-02', '13:00 - 14:00', '500000', 6),
	(2846, '2025-07-02', '14:00 - 15:00', '500000', 6),
	(2847, '2025-07-02', '15:00 - 16:00', '600000', 6),
	(2848, '2025-07-02', '16:00 - 17:00', '600000', 6),
	(2849, '2025-07-02', '17:00 - 18:00', '500000', 6),
	(2850, '2025-07-03', '06:00 - 07:00', '300000', 6),
	(2851, '2025-07-03', '07:00 - 08:00', '300000', 6),
	(2852, '2025-07-03', '08:00 - 09:00', '300000', 6),
	(2853, '2025-07-03', '09:00 - 10:00', '300000', 6),
	(2854, '2025-07-03', '13:00 - 14:00', '500000', 6),
	(2855, '2025-07-03', '14:00 - 15:00', '500000', 6),
	(2856, '2025-07-03', '15:00 - 16:00', '600000', 6),
	(2857, '2025-07-03', '16:00 - 17:00', '600000', 6),
	(2858, '2025-07-03', '17:00 - 18:00', '500000', 6),
	(2931, '2025-07-01', '06:00 - 07:30', '400000', 31),
	(2932, '2025-07-01', '07:30 - 09:00', '400000', 31),
	(2933, '2025-07-01', '09:00 - 10:30', '400000', 31),
	(2934, '2025-07-01', '13:00 - 15:00', '400000', 31),
	(2935, '2025-07-01', '15:00 - 16:30', '600000', 31),
	(2936, '2025-07-01', '16:30 - 18:00', '600000', 31),
	(2937, '2025-07-01', '18:00 - 19:30', '700000', 31),
	(2938, '2025-07-01', '19:30 - 21:00', '700000', 31),
	(2939, '2025-07-01', '21:00 - 22:30', '600000', 31),
	(2940, '2025-07-02', '06:00 - 07:30', '400000', 31),
	(2941, '2025-07-02', '07:30 - 09:00', '400000', 31),
	(2942, '2025-07-02', '09:00 - 10:30', '400000', 31),
	(2943, '2025-07-02', '13:00 - 15:00', '400000', 31),
	(2944, '2025-07-02', '15:00 - 16:30', '600000', 31),
	(2945, '2025-07-02', '16:30 - 18:00', '600000', 31),
	(2946, '2025-07-02', '18:00 - 19:30', '700000', 31),
	(2947, '2025-07-02', '19:30 - 21:00', '700000', 31),
	(2948, '2025-07-02', '21:00 - 22:30', '600000', 31),
	(2949, '2025-07-03', '06:00 - 07:30', '400000', 31),
	(2950, '2025-07-03', '07:30 - 09:00', '400000', 31),
	(2951, '2025-07-03', '09:00 - 10:30', '400000', 31),
	(2952, '2025-07-03', '13:00 - 15:00', '400000', 31),
	(2953, '2025-07-03', '15:00 - 16:30', '600000', 31),
	(2954, '2025-07-03', '16:30 - 18:00', '600000', 31),
	(2955, '2025-07-03', '18:00 - 19:30', '700000', 31),
	(2956, '2025-07-03', '19:30 - 21:00', '700000', 31),
	(2957, '2025-07-03', '21:00 - 22:30', '600000', 31),
	(3030, '2025-07-01', '06:00 - 07:30', '400000', 29),
	(3031, '2025-07-01', '07:30 - 09:00', '400000', 29),
	(3032, '2025-07-01', '09:00 - 10:30', '400000', 29),
	(3033, '2025-07-01', '13:00 - 15:00', '400000', 29),
	(3034, '2025-07-01', '15:00 - 16:30', '600000', 29),
	(3035, '2025-07-01', '16:30 - 18:00', '600000', 29),
	(3036, '2025-07-01', '18:00 - 19:30', '700000', 29),
	(3037, '2025-07-01', '19:30 - 21:00', '700000', 29),
	(3038, '2025-07-01', '21:00 - 22:30', '600000', 29),
	(3039, '2025-07-02', '06:00 - 07:30', '400000', 29),
	(3040, '2025-07-02', '07:30 - 09:00', '400000', 29),
	(3041, '2025-07-02', '09:00 - 10:30', '400000', 29),
	(3042, '2025-07-02', '13:00 - 15:00', '400000', 29),
	(3043, '2025-07-02', '15:00 - 16:30', '600000', 29),
	(3044, '2025-07-02', '16:30 - 18:00', '600000', 29),
	(3045, '2025-07-02', '18:00 - 19:30', '700000', 29),
	(3046, '2025-07-02', '19:30 - 21:00', '700000', 29),
	(3047, '2025-07-02', '21:00 - 22:30', '600000', 29),
	(3048, '2025-07-03', '06:00 - 07:30', '400000', 29),
	(3049, '2025-07-03', '07:30 - 09:00', '400000', 29),
	(3050, '2025-07-03', '09:00 - 10:30', '400000', 29),
	(3051, '2025-07-03', '13:00 - 15:00', '400000', 29),
	(3052, '2025-07-03', '15:00 - 16:30', '600000', 29),
	(3053, '2025-07-03', '16:30 - 18:00', '600000', 29),
	(3054, '2025-07-03', '18:00 - 19:30', '700000', 29),
	(3055, '2025-07-03', '19:30 - 21:00', '700000', 29),
	(3056, '2025-07-03', '21:00 - 22:30', '600000', 29),
	(3129, '2025-07-01', '06:00 - 07:30', '400000', 28),
	(3130, '2025-07-01', '07:30 - 09:00', '400000', 28),
	(3131, '2025-07-01', '09:00 - 10:30', '400000', 28),
	(3132, '2025-07-01', '13:00 - 15:00', '400000', 28),
	(3133, '2025-07-01', '15:00 - 16:30', '600000', 28),
	(3134, '2025-07-01', '16:30 - 18:00', '600000', 28),
	(3135, '2025-07-01', '18:00 - 19:30', '700000', 28),
	(3136, '2025-07-01', '19:30 - 21:00', '700000', 28),
	(3137, '2025-07-01', '21:00 - 22:30', '600000', 28),
	(3138, '2025-07-02', '06:00 - 07:30', '400000', 28),
	(3139, '2025-07-02', '07:30 - 09:00', '400000', 28),
	(3140, '2025-07-02', '09:00 - 10:30', '400000', 28),
	(3141, '2025-07-02', '13:00 - 15:00', '400000', 28),
	(3142, '2025-07-02', '15:00 - 16:30', '600000', 28),
	(3143, '2025-07-02', '16:30 - 18:00', '600000', 28),
	(3144, '2025-07-02', '18:00 - 19:30', '700000', 28),
	(3145, '2025-07-02', '19:30 - 21:00', '700000', 28),
	(3146, '2025-07-02', '21:00 - 22:30', '600000', 28),
	(3147, '2025-07-03', '06:00 - 07:30', '400000', 28),
	(3148, '2025-07-03', '07:30 - 09:00', '400000', 28),
	(3149, '2025-07-03', '09:00 - 10:30', '400000', 28),
	(3150, '2025-07-03', '13:00 - 15:00', '400000', 28),
	(3151, '2025-07-03', '15:00 - 16:30', '600000', 28),
	(3152, '2025-07-03', '16:30 - 18:00', '600000', 28),
	(3153, '2025-07-03', '18:00 - 19:30', '700000', 28),
	(3154, '2025-07-03', '19:30 - 21:00', '700000', 28),
	(3155, '2025-07-03', '21:00 - 22:30', '600000', 28),
	(3228, '2025-07-01', '06:00 - 07:30', '400000', 26),
	(3229, '2025-07-01', '07:30 - 09:00', '400000', 26),
	(3230, '2025-07-01', '09:00 - 10:30', '400000', 26),
	(3231, '2025-07-01', '13:00 - 15:00', '400000', 26),
	(3232, '2025-07-01', '15:00 - 16:30', '600000', 26),
	(3233, '2025-07-01', '16:30 - 18:00', '600000', 26),
	(3234, '2025-07-01', '18:00 - 19:30', '700000', 26),
	(3235, '2025-07-01', '19:30 - 21:00', '700000', 26),
	(3236, '2025-07-01', '21:00 - 22:30', '600000', 26),
	(3237, '2025-07-02', '06:00 - 07:30', '400000', 26),
	(3238, '2025-07-02', '07:30 - 09:00', '400000', 26),
	(3239, '2025-07-02', '09:00 - 10:30', '400000', 26),
	(3240, '2025-07-02', '13:00 - 15:00', '400000', 26),
	(3241, '2025-07-02', '15:00 - 16:30', '600000', 26),
	(3242, '2025-07-02', '16:30 - 18:00', '600000', 26),
	(3243, '2025-07-02', '18:00 - 19:30', '700000', 26),
	(3244, '2025-07-02', '19:30 - 21:00', '700000', 26),
	(3245, '2025-07-02', '21:00 - 22:30', '600000', 26),
	(3246, '2025-07-03', '06:00 - 07:30', '400000', 26),
	(3247, '2025-07-03', '07:30 - 09:00', '400000', 26),
	(3248, '2025-07-03', '09:00 - 10:30', '400000', 26),
	(3249, '2025-07-03', '13:00 - 15:00', '400000', 26),
	(3250, '2025-07-03', '15:00 - 16:30', '600000', 26),
	(3251, '2025-07-03', '16:30 - 18:00', '600000', 26),
	(3252, '2025-07-03', '18:00 - 19:30', '700000', 26),
	(3253, '2025-07-03', '19:30 - 21:00', '700000', 26),
	(3254, '2025-07-03', '21:00 - 22:30', '600000', 26),
	(3327, '2025-07-01', '06:00 - 07:30', '400000', 9),
	(3328, '2025-07-01', '07:30 - 09:00', '400000', 9),
	(3329, '2025-07-01', '09:00 - 10:30', '400000', 9),
	(3330, '2025-07-01', '13:00 - 15:00', '400000', 9),
	(3331, '2025-07-01', '15:00 - 16:30', '600000', 9),
	(3332, '2025-07-01', '16:30 - 18:00', '600000', 9),
	(3333, '2025-07-01', '18:00 - 19:30', '700000', 9),
	(3334, '2025-07-01', '19:30 - 21:00', '700000', 9),
	(3335, '2025-07-01', '21:00 - 22:30', '600000', 9),
	(3336, '2025-07-02', '06:00 - 07:30', '400000', 9),
	(3337, '2025-07-02', '07:30 - 09:00', '400000', 9),
	(3338, '2025-07-02', '09:00 - 10:30', '400000', 9),
	(3339, '2025-07-02', '13:00 - 15:00', '400000', 9),
	(3340, '2025-07-02', '15:00 - 16:30', '600000', 9),
	(3341, '2025-07-02', '16:30 - 18:00', '600000', 9),
	(3342, '2025-07-02', '18:00 - 19:30', '700000', 9),
	(3343, '2025-07-02', '19:30 - 21:00', '700000', 9),
	(3344, '2025-07-02', '21:00 - 22:30', '600000', 9),
	(3345, '2025-07-03', '06:00 - 07:30', '400000', 9),
	(3346, '2025-07-03', '07:30 - 09:00', '400000', 9),
	(3347, '2025-07-03', '09:00 - 10:30', '400000', 9),
	(3348, '2025-07-03', '13:00 - 15:00', '400000', 9),
	(3349, '2025-07-03', '15:00 - 16:30', '600000', 9),
	(3350, '2025-07-03', '16:30 - 18:00', '600000', 9),
	(3351, '2025-07-03', '18:00 - 19:30', '700000', 9),
	(3352, '2025-07-03', '19:30 - 21:00', '700000', 9),
	(3353, '2025-07-03', '21:00 - 22:30', '600000', 9),
	(3426, '2025-07-01', '06:00 - 07:30', '400000', 2),
	(3427, '2025-07-01', '07:30 - 09:00', '400000', 2),
	(3428, '2025-07-01', '09:00 - 10:30', '400000', 2),
	(3429, '2025-07-01', '13:00 - 15:00', '400000', 2),
	(3430, '2025-07-01', '15:00 - 16:30', '600000', 2),
	(3431, '2025-07-01', '16:30 - 18:00', '600000', 2),
	(3432, '2025-07-01', '18:00 - 19:30', '700000', 2),
	(3433, '2025-07-01', '19:30 - 21:00', '700000', 2),
	(3434, '2025-07-01', '21:00 - 22:30', '600000', 2),
	(3435, '2025-07-02', '06:00 - 07:30', '400000', 2),
	(3436, '2025-07-02', '07:30 - 09:00', '400000', 2),
	(3437, '2025-07-02', '09:00 - 10:30', '400000', 2),
	(3438, '2025-07-02', '13:00 - 15:00', '400000', 2),
	(3439, '2025-07-02', '15:00 - 16:30', '600000', 2),
	(3440, '2025-07-02', '16:30 - 18:00', '600000', 2),
	(3441, '2025-07-02', '18:00 - 19:30', '700000', 2),
	(3442, '2025-07-02', '19:30 - 21:00', '700000', 2),
	(3443, '2025-07-02', '21:00 - 22:30', '600000', 2),
	(3444, '2025-07-03', '06:00 - 07:30', '400000', 2),
	(3445, '2025-07-03', '07:30 - 09:00', '400000', 2),
	(3446, '2025-07-03', '09:00 - 10:30', '400000', 2),
	(3447, '2025-07-03', '13:00 - 15:00', '400000', 2),
	(3448, '2025-07-03', '15:00 - 16:30', '600000', 2),
	(3449, '2025-07-03', '16:30 - 18:00', '600000', 2),
	(3450, '2025-07-03', '18:00 - 19:30', '700000', 2),
	(3451, '2025-07-03', '19:30 - 21:00', '700000', 2),
	(3452, '2025-07-03', '21:00 - 22:30', '600000', 2),
	(3507, '2025-07-01', '06:00 - 07:30', '500000', 1),
	(3508, '2025-07-01', '07:30 - 09:00', '400000', 1),
	(3509, '2025-07-01', '09:00 - 10:30', '400000', 1),
	(3510, '2025-07-01', '13:00 - 15:00', '400000', 1),
	(3511, '2025-07-01', '15:00 - 16:30', '600000', 1),
	(3512, '2025-07-01', '16:30 - 18:00', '600000', 1),
	(3513, '2025-07-01', '18:00 - 19:30', '700000', 1),
	(3514, '2025-07-01', '19:30 - 21:00', '700000', 1),
	(3515, '2025-07-01', '21:00 - 22:30', '600000', 1),
	(3516, '2025-07-02', '06:00 - 07:30', '500000', 1),
	(3517, '2025-07-02', '07:30 - 09:00', '400000', 1),
	(3518, '2025-07-02', '09:00 - 10:30', '400000', 1),
	(3519, '2025-07-02', '13:00 - 15:00', '400000', 1),
	(3520, '2025-07-02', '15:00 - 16:30', '600000', 1),
	(3521, '2025-07-02', '16:30 - 18:00', '600000', 1),
	(3522, '2025-07-02', '18:00 - 19:30', '700000', 1),
	(3523, '2025-07-02', '19:30 - 21:00', '700000', 1),
	(3524, '2025-07-02', '21:00 - 22:30', '600000', 1),
	(3525, '2025-07-03', '06:00 - 07:30', '500000', 1),
	(3526, '2025-07-03', '07:30 - 09:00', '400000', 1),
	(3527, '2025-07-03', '09:00 - 10:30', '400000', 1),
	(3528, '2025-07-03', '13:00 - 15:00', '400000', 1),
	(3529, '2025-07-03', '15:00 - 16:30', '600000', 1),
	(3530, '2025-07-03', '16:30 - 18:00', '600000', 1),
	(3531, '2025-07-03', '18:00 - 19:30', '700000', 1),
	(3532, '2025-07-03', '19:30 - 21:00', '700000', 1),
	(3533, '2025-07-03', '21:00 - 22:30', '600000', 1),
	(3606, '2025-07-01', '06:00 - 07:30', '400000', 35),
	(3607, '2025-07-01', '07:30 - 09:00', '400000', 35),
	(3608, '2025-07-01', '09:00 - 10:30', '400000', 35),
	(3609, '2025-07-01', '13:00 - 15:00', '400000', 35),
	(3610, '2025-07-01', '15:00 - 16:30', '600000', 35),
	(3611, '2025-07-01', '16:30 - 18:00', '600000', 35),
	(3612, '2025-07-01', '18:00 - 19:30', '700000', 35),
	(3613, '2025-07-01', '19:30 - 21:00', '700000', 35),
	(3614, '2025-07-01', '21:00 - 22:30', '600000', 35),
	(3615, '2025-07-02', '06:00 - 07:30', '400000', 35),
	(3616, '2025-07-02', '07:30 - 09:00', '400000', 35),
	(3617, '2025-07-02', '09:00 - 10:30', '400000', 35),
	(3618, '2025-07-02', '13:00 - 15:00', '400000', 35),
	(3619, '2025-07-02', '15:00 - 16:30', '600000', 35),
	(3620, '2025-07-02', '16:30 - 18:00', '600000', 35),
	(3621, '2025-07-02', '18:00 - 19:30', '700000', 35),
	(3622, '2025-07-02', '19:30 - 21:00', '700000', 35),
	(3623, '2025-07-02', '21:00 - 22:30', '600000', 35),
	(3624, '2025-07-03', '06:00 - 07:30', '400000', 35),
	(3625, '2025-07-03', '07:30 - 09:00', '400000', 35),
	(3626, '2025-07-03', '09:00 - 10:30', '400000', 35),
	(3627, '2025-07-03', '13:00 - 15:00', '400000', 35),
	(3628, '2025-07-03', '15:00 - 16:30', '600000', 35),
	(3629, '2025-07-03', '16:30 - 18:00', '600000', 35),
	(3630, '2025-07-03', '18:00 - 19:30', '700000', 35),
	(3631, '2025-07-03', '19:30 - 21:00', '700000', 35),
	(3632, '2025-07-03', '21:00 - 22:30', '600000', 35),
	(3705, '2025-07-01', '06:00 - 07:30', '400000', 34),
	(3706, '2025-07-01', '07:30 - 09:00', '400000', 34),
	(3707, '2025-07-01', '09:00 - 10:30', '400000', 34),
	(3708, '2025-07-01', '13:00 - 15:00', '400000', 34),
	(3709, '2025-07-01', '15:00 - 16:30', '600000', 34),
	(3710, '2025-07-01', '16:30 - 18:00', '600000', 34),
	(3711, '2025-07-01', '18:00 - 19:30', '700000', 34),
	(3712, '2025-07-01', '19:30 - 21:00', '700000', 34),
	(3713, '2025-07-01', '21:00 - 22:30', '600000', 34),
	(3714, '2025-07-02', '06:00 - 07:30', '400000', 34),
	(3715, '2025-07-02', '07:30 - 09:00', '400000', 34),
	(3716, '2025-07-02', '09:00 - 10:30', '400000', 34),
	(3717, '2025-07-02', '13:00 - 15:00', '400000', 34),
	(3718, '2025-07-02', '15:00 - 16:30', '600000', 34),
	(3719, '2025-07-02', '16:30 - 18:00', '600000', 34),
	(3720, '2025-07-02', '18:00 - 19:30', '700000', 34),
	(3721, '2025-07-02', '19:30 - 21:00', '700000', 34),
	(3722, '2025-07-02', '21:00 - 22:30', '600000', 34),
	(3723, '2025-07-03', '06:00 - 07:30', '400000', 34),
	(3724, '2025-07-03', '07:30 - 09:00', '400000', 34),
	(3725, '2025-07-03', '09:00 - 10:30', '400000', 34),
	(3726, '2025-07-03', '13:00 - 15:00', '400000', 34),
	(3727, '2025-07-03', '15:00 - 16:30', '600000', 34),
	(3728, '2025-07-03', '16:30 - 18:00', '600000', 34),
	(3729, '2025-07-03', '18:00 - 19:30', '700000', 34),
	(3730, '2025-07-03', '19:30 - 21:00', '700000', 34),
	(3731, '2025-07-03', '21:00 - 22:30', '600000', 34),
	(3804, '2025-07-01', '06:00 - 07:30', '400000', 22),
	(3805, '2025-07-01', '07:30 - 09:00', '400000', 22),
	(3806, '2025-07-01', '09:00 - 10:30', '400000', 22),
	(3807, '2025-07-01', '13:00 - 15:00', '400000', 22),
	(3808, '2025-07-01', '15:00 - 16:30', '600000', 22),
	(3809, '2025-07-01', '16:30 - 18:00', '600000', 22),
	(3810, '2025-07-01', '18:00 - 19:30', '700000', 22),
	(3811, '2025-07-01', '19:30 - 21:00', '700000', 22),
	(3812, '2025-07-01', '21:00 - 22:30', '600000', 22),
	(3813, '2025-07-02', '06:00 - 07:30', '400000', 22),
	(3814, '2025-07-02', '07:30 - 09:00', '400000', 22),
	(3815, '2025-07-02', '09:00 - 10:30', '400000', 22),
	(3816, '2025-07-02', '13:00 - 15:00', '400000', 22),
	(3817, '2025-07-02', '15:00 - 16:30', '600000', 22),
	(3818, '2025-07-02', '16:30 - 18:00', '600000', 22),
	(3819, '2025-07-02', '18:00 - 19:30', '700000', 22),
	(3820, '2025-07-02', '19:30 - 21:00', '700000', 22),
	(3821, '2025-07-02', '21:00 - 22:30', '600000', 22),
	(3822, '2025-07-03', '06:00 - 07:30', '400000', 22),
	(3823, '2025-07-03', '07:30 - 09:00', '400000', 22),
	(3824, '2025-07-03', '09:00 - 10:30', '400000', 22),
	(3825, '2025-07-03', '13:00 - 15:00', '400000', 22),
	(3826, '2025-07-03', '15:00 - 16:30', '600000', 22),
	(3827, '2025-07-03', '16:30 - 18:00', '600000', 22),
	(3828, '2025-07-03', '18:00 - 19:30', '700000', 22),
	(3829, '2025-07-03', '19:30 - 21:00', '700000', 22),
	(3830, '2025-07-03', '21:00 - 22:30', '600000', 22),
	(3903, '2025-07-01', '06:00 - 07:30', '400000', 8),
	(3904, '2025-07-01', '07:30 - 09:00', '400000', 8),
	(3905, '2025-07-01', '09:00 - 10:30', '400000', 8),
	(3906, '2025-07-01', '13:00 - 15:00', '400000', 8),
	(3907, '2025-07-01', '15:00 - 16:30', '600000', 8),
	(3908, '2025-07-01', '16:30 - 18:00', '600000', 8),
	(3909, '2025-07-01', '18:00 - 19:30', '700000', 8),
	(3910, '2025-07-01', '19:30 - 21:00', '700000', 8),
	(3911, '2025-07-01', '21:00 - 22:30', '600000', 8),
	(3912, '2025-07-02', '06:00 - 07:30', '400000', 8),
	(3913, '2025-07-02', '07:30 - 09:00', '400000', 8),
	(3914, '2025-07-02', '09:00 - 10:30', '400000', 8),
	(3915, '2025-07-02', '13:00 - 15:00', '400000', 8),
	(3916, '2025-07-02', '15:00 - 16:30', '600000', 8),
	(3917, '2025-07-02', '16:30 - 18:00', '600000', 8),
	(3918, '2025-07-02', '18:00 - 19:30', '700000', 8),
	(3919, '2025-07-02', '19:30 - 21:00', '700000', 8),
	(3920, '2025-07-02', '21:00 - 22:30', '600000', 8),
	(3921, '2025-07-03', '06:00 - 07:30', '400000', 8),
	(3922, '2025-07-03', '07:30 - 09:00', '400000', 8),
	(3923, '2025-07-03', '09:00 - 10:30', '400000', 8),
	(3924, '2025-07-03', '13:00 - 15:00', '400000', 8),
	(3925, '2025-07-03', '15:00 - 16:30', '600000', 8),
	(3926, '2025-07-03', '16:30 - 18:00', '600000', 8),
	(3927, '2025-07-03', '18:00 - 19:30', '700000', 8),
	(3928, '2025-07-03', '19:30 - 21:00', '700000', 8),
	(3929, '2025-07-03', '21:00 - 22:30', '600000', 8),
	(4002, '2025-07-01', '06:00 - 07:30', '400000', 7),
	(4003, '2025-07-01', '07:30 - 09:00', '400000', 7),
	(4004, '2025-07-01', '09:00 - 10:30', '400000', 7),
	(4005, '2025-07-01', '13:00 - 15:00', '400000', 7),
	(4006, '2025-07-01', '15:00 - 16:30', '600000', 7),
	(4007, '2025-07-01', '16:30 - 18:00', '600000', 7),
	(4008, '2025-07-01', '18:00 - 19:30', '700000', 7),
	(4009, '2025-07-01', '19:30 - 21:00', '700000', 7),
	(4010, '2025-07-01', '21:00 - 22:30', '600000', 7),
	(4011, '2025-07-02', '06:00 - 07:30', '400000', 7),
	(4012, '2025-07-02', '07:30 - 09:00', '400000', 7),
	(4013, '2025-07-02', '09:00 - 10:30', '400000', 7),
	(4014, '2025-07-02', '13:00 - 15:00', '400000', 7),
	(4015, '2025-07-02', '15:00 - 16:30', '600000', 7),
	(4016, '2025-07-02', '16:30 - 18:00', '600000', 7),
	(4017, '2025-07-02', '18:00 - 19:30', '700000', 7),
	(4018, '2025-07-02', '19:30 - 21:00', '700000', 7),
	(4019, '2025-07-02', '21:00 - 22:30', '600000', 7),
	(4020, '2025-07-03', '06:00 - 07:30', '400000', 7),
	(4021, '2025-07-03', '07:30 - 09:00', '400000', 7),
	(4022, '2025-07-03', '09:00 - 10:30', '400000', 7),
	(4023, '2025-07-03', '13:00 - 15:00', '400000', 7),
	(4024, '2025-07-03', '15:00 - 16:30', '600000', 7),
	(4025, '2025-07-03', '16:30 - 18:00', '600000', 7),
	(4026, '2025-07-03', '18:00 - 19:30', '700000', 7),
	(4027, '2025-07-03', '19:30 - 21:00', '700000', 7),
	(4028, '2025-07-03', '21:00 - 22:30', '600000', 7),
	(4101, '2025-07-01', '06:00 - 07:00', '300000', 33),
	(4102, '2025-07-01', '07:00 - 08:00', '300000', 33),
	(4103, '2025-07-01', '08:00 - 09:00', '300000', 33),
	(4104, '2025-07-01', '09:00 - 10:00', '300000', 33),
	(4105, '2025-07-01', '13:00 - 14:00', '300000', 33),
	(4106, '2025-07-01', '14:00 - 15:00', '500000', 33),
	(4107, '2025-07-01', '15:00 - 16:00', '600000', 33),
	(4108, '2025-07-01', '16:00 - 17:00', '600000', 33),
	(4109, '2025-07-01', '17:00 - 18:00', '500000', 33),
	(4110, '2025-07-02', '06:00 - 07:00', '300000', 33),
	(4111, '2025-07-02', '07:00 - 08:00', '300000', 33),
	(4112, '2025-07-02', '08:00 - 09:00', '300000', 33),
	(4113, '2025-07-02', '09:00 - 10:00', '300000', 33),
	(4114, '2025-07-02', '13:00 - 14:00', '300000', 33),
	(4115, '2025-07-02', '14:00 - 15:00', '500000', 33),
	(4116, '2025-07-02', '15:00 - 16:00', '600000', 33),
	(4117, '2025-07-02', '16:00 - 17:00', '600000', 33),
	(4118, '2025-07-02', '17:00 - 18:00', '500000', 33),
	(4119, '2025-07-03', '06:00 - 07:00', '300000', 33),
	(4120, '2025-07-03', '07:00 - 08:00', '300000', 33),
	(4121, '2025-07-03', '08:00 - 09:00', '300000', 33),
	(4122, '2025-07-03', '09:00 - 10:00', '300000', 33),
	(4123, '2025-07-03', '13:00 - 14:00', '300000', 33),
	(4124, '2025-07-03', '14:00 - 15:00', '500000', 33),
	(4125, '2025-07-03', '15:00 - 16:00', '600000', 33),
	(4126, '2025-07-03', '16:00 - 17:00', '600000', 33),
	(4127, '2025-07-03', '17:00 - 18:00', '500000', 33),
	(4200, '2025-07-01', '06:00 - 07:00', '300000', 32),
	(4201, '2025-07-01', '07:00 - 08:00', '300000', 32),
	(4202, '2025-07-01', '08:00 - 09:00', '300000', 32),
	(4203, '2025-07-01', '09:00 - 10:00', '300000', 32),
	(4204, '2025-07-01', '13:00 - 14:00', '500000', 32),
	(4205, '2025-07-01', '14:00 - 15:00', '500000', 32),
	(4206, '2025-07-01', '15:00 - 16:00', '600000', 32),
	(4207, '2025-07-01', '16:00 - 17:00', '600000', 32),
	(4208, '2025-07-01', '17:00 - 18:00', '500000', 32),
	(4209, '2025-07-02', '06:00 - 07:00', '300000', 32),
	(4210, '2025-07-02', '07:00 - 08:00', '300000', 32),
	(4211, '2025-07-02', '08:00 - 09:00', '300000', 32),
	(4212, '2025-07-02', '09:00 - 10:00', '300000', 32),
	(4213, '2025-07-02', '13:00 - 14:00', '500000', 32),
	(4214, '2025-07-02', '14:00 - 15:00', '500000', 32),
	(4215, '2025-07-02', '15:00 - 16:00', '600000', 32),
	(4216, '2025-07-02', '16:00 - 17:00', '600000', 32),
	(4217, '2025-07-02', '17:00 - 18:00', '500000', 32),
	(4218, '2025-07-03', '06:00 - 07:00', '300000', 32),
	(4219, '2025-07-03', '07:00 - 08:00', '300000', 32),
	(4220, '2025-07-03', '08:00 - 09:00', '300000', 32),
	(4221, '2025-07-03', '09:00 - 10:00', '300000', 32),
	(4222, '2025-07-03', '13:00 - 14:00', '500000', 32),
	(4223, '2025-07-03', '14:00 - 15:00', '500000', 32),
	(4224, '2025-07-03', '15:00 - 16:00', '600000', 32),
	(4225, '2025-07-03', '16:00 - 17:00', '600000', 32),
	(4226, '2025-07-03', '17:00 - 18:00', '500000', 32),
	(4299, '2025-07-01', '06:00 - 07:00', '300000', 21),
	(4300, '2025-07-01', '07:00 - 08:00', '300000', 21),
	(4301, '2025-07-01', '08:00 - 09:00', '300000', 21),
	(4302, '2025-07-01', '09:00 - 10:00', '300000', 21),
	(4303, '2025-07-01', '13:00 - 14:00', '500000', 21),
	(4304, '2025-07-01', '14:00 - 15:00', '500000', 21),
	(4305, '2025-07-01', '15:00 - 16:00', '600000', 21),
	(4306, '2025-07-01', '16:00 - 17:00', '600000', 21),
	(4307, '2025-07-01', '17:00 - 18:00', '500000', 21),
	(4308, '2025-07-02', '06:00 - 07:00', '300000', 21),
	(4309, '2025-07-02', '07:00 - 08:00', '300000', 21),
	(4310, '2025-07-02', '08:00 - 09:00', '300000', 21),
	(4311, '2025-07-02', '09:00 - 10:00', '300000', 21),
	(4312, '2025-07-02', '13:00 - 14:00', '500000', 21),
	(4313, '2025-07-02', '14:00 - 15:00', '500000', 21),
	(4314, '2025-07-02', '15:00 - 16:00', '600000', 21),
	(4315, '2025-07-02', '16:00 - 17:00', '600000', 21),
	(4316, '2025-07-02', '17:00 - 18:00', '500000', 21),
	(4317, '2025-07-03', '06:00 - 07:00', '300000', 21),
	(4318, '2025-07-03', '07:00 - 08:00', '300000', 21),
	(4319, '2025-07-03', '08:00 - 09:00', '300000', 21),
	(4320, '2025-07-03', '09:00 - 10:00', '300000', 21),
	(4321, '2025-07-03', '13:00 - 14:00', '500000', 21),
	(4322, '2025-07-03', '14:00 - 15:00', '500000', 21),
	(4323, '2025-07-03', '15:00 - 16:00', '600000', 21),
	(4324, '2025-07-03', '16:00 - 17:00', '600000', 21),
	(4325, '2025-07-03', '17:00 - 18:00', '500000', 21),
	(4398, '2025-07-01', '06:00 - 07:00', '300000', 20),
	(4399, '2025-07-01', '07:00 - 08:00', '300000', 20),
	(4400, '2025-07-01', '08:00 - 09:00', '300000', 20),
	(4401, '2025-07-01', '09:00 - 10:00', '300000', 20),
	(4402, '2025-07-01', '13:00 - 14:00', '500000', 20),
	(4403, '2025-07-01', '14:00 - 15:00', '500000', 20),
	(4404, '2025-07-01', '15:00 - 16:00', '600000', 20),
	(4405, '2025-07-01', '16:00 - 17:00', '600000', 20),
	(4406, '2025-07-01', '17:00 - 18:00', '500000', 20),
	(4407, '2025-07-02', '06:00 - 07:00', '300000', 20),
	(4408, '2025-07-02', '07:00 - 08:00', '300000', 20),
	(4409, '2025-07-02', '08:00 - 09:00', '300000', 20),
	(4410, '2025-07-02', '09:00 - 10:00', '300000', 20),
	(4411, '2025-07-02', '13:00 - 14:00', '500000', 20),
	(4412, '2025-07-02', '14:00 - 15:00', '500000', 20),
	(4413, '2025-07-02', '15:00 - 16:00', '600000', 20),
	(4414, '2025-07-02', '16:00 - 17:00', '600000', 20),
	(4415, '2025-07-02', '17:00 - 18:00', '500000', 20),
	(4416, '2025-07-03', '06:00 - 07:00', '300000', 20),
	(4417, '2025-07-03', '07:00 - 08:00', '300000', 20),
	(4418, '2025-07-03', '08:00 - 09:00', '300000', 20),
	(4419, '2025-07-03', '09:00 - 10:00', '300000', 20),
	(4420, '2025-07-03', '13:00 - 14:00', '500000', 20),
	(4421, '2025-07-03', '14:00 - 15:00', '500000', 20),
	(4422, '2025-07-03', '15:00 - 16:00', '600000', 20),
	(4423, '2025-07-03', '16:00 - 17:00', '600000', 20),
	(4424, '2025-07-03', '17:00 - 18:00', '500000', 20),
	(4497, '2025-07-01', '06:00 - 07:00', '300000', 19),
	(4498, '2025-07-01', '07:00 - 08:00', '300000', 19),
	(4499, '2025-07-01', '08:00 - 09:00', '300000', 19),
	(4500, '2025-07-01', '09:00 - 10:00', '300000', 19),
	(4501, '2025-07-01', '13:00 - 14:00', '500000', 19),
	(4502, '2025-07-01', '14:00 - 15:00', '500000', 19),
	(4503, '2025-07-01', '15:00 - 16:00', '600000', 19),
	(4504, '2025-07-01', '16:00 - 17:00', '600000', 19),
	(4505, '2025-07-01', '17:00 - 18:00', '500000', 19),
	(4506, '2025-07-02', '06:00 - 07:00', '300000', 19),
	(4507, '2025-07-02', '07:00 - 08:00', '300000', 19),
	(4508, '2025-07-02', '08:00 - 09:00', '300000', 19),
	(4509, '2025-07-02', '09:00 - 10:00', '300000', 19),
	(4510, '2025-07-02', '13:00 - 14:00', '500000', 19),
	(4511, '2025-07-02', '14:00 - 15:00', '500000', 19),
	(4512, '2025-07-02', '15:00 - 16:00', '600000', 19),
	(4513, '2025-07-02', '16:00 - 17:00', '600000', 19),
	(4514, '2025-07-02', '17:00 - 18:00', '500000', 19),
	(4515, '2025-07-03', '06:00 - 07:00', '300000', 19),
	(4516, '2025-07-03', '07:00 - 08:00', '300000', 19),
	(4517, '2025-07-03', '08:00 - 09:00', '300000', 19),
	(4518, '2025-07-03', '09:00 - 10:00', '300000', 19),
	(4519, '2025-07-03', '13:00 - 14:00', '500000', 19),
	(4520, '2025-07-03', '14:00 - 15:00', '500000', 19),
	(4521, '2025-07-03', '15:00 - 16:00', '600000', 19),
	(4522, '2025-07-03', '16:00 - 17:00', '600000', 19),
	(4523, '2025-07-03', '17:00 - 18:00', '500000', 19),
	(4945, '2025-07-04', '06:00 - 07:30', '500000', 1),
	(4946, '2025-07-04', '07:30 - 09:00', '400000', 1),
	(4947, '2025-07-04', '09:00 - 10:30', '400000', 1),
	(4948, '2025-07-04', '13:00 - 15:00', '400000', 1),
	(4949, '2025-07-04', '15:00 - 16:30', '600000', 1),
	(4950, '2025-07-04', '16:30 - 18:00', '600000', 1),
	(4951, '2025-07-04', '18:00 - 19:30', '700000', 1),
	(4952, '2025-07-04', '19:30 - 21:00', '700000', 1),
	(4953, '2025-07-04', '21:00 - 22:30', '600000', 1),
	(4954, '2025-07-04', '06:00 - 07:30', '400000', 2),
	(4955, '2025-07-04', '07:30 - 09:00', '400000', 2),
	(4956, '2025-07-04', '09:00 - 10:30', '400000', 2),
	(4957, '2025-07-04', '13:00 - 15:00', '400000', 2),
	(4958, '2025-07-04', '15:00 - 16:30', '600000', 2),
	(4959, '2025-07-04', '16:30 - 18:00', '600000', 2),
	(4960, '2025-07-04', '18:00 - 19:30', '700000', 2),
	(4961, '2025-07-04', '19:30 - 21:00', '700000', 2),
	(4962, '2025-07-04', '21:00 - 22:30', '600000', 2),
	(4963, '2025-07-04', '06:00 - 07:00', '300000', 4),
	(4964, '2025-07-04', '07:00 - 08:00', '300000', 4),
	(4965, '2025-07-04', '08:00 - 09:00', '300000', 4),
	(4966, '2025-07-04', '09:00 - 10:00', '300000', 4),
	(4967, '2025-07-04', '13:00 - 14:00', '500000', 4),
	(4968, '2025-07-04', '14:00 - 15:00', '500000', 4),
	(4969, '2025-07-04', '15:00 - 16:00', '600000', 4),
	(4970, '2025-07-04', '16:00 - 17:00', '600000', 4),
	(4971, '2025-07-04', '17:00 - 18:00', '500000', 4),
	(4972, '2025-07-04', '06:00 - 07:00', '300000', 5),
	(4973, '2025-07-04', '07:00 - 08:00', '300000', 5),
	(4974, '2025-07-04', '08:00 - 09:00', '300000', 5),
	(4975, '2025-07-04', '09:00 - 10:00', '300000', 5),
	(4976, '2025-07-04', '13:00 - 14:00', '500000', 5),
	(4977, '2025-07-04', '14:00 - 15:00', '500000', 5),
	(4978, '2025-07-04', '15:00 - 16:00', '600000', 5),
	(4979, '2025-07-04', '16:00 - 17:00', '600000', 5),
	(4980, '2025-07-04', '17:00 - 18:00', '500000', 5),
	(4981, '2025-07-04', '06:00 - 07:00', '300000', 6),
	(4982, '2025-07-04', '07:00 - 08:00', '300000', 6),
	(4983, '2025-07-04', '08:00 - 09:00', '300000', 6),
	(4984, '2025-07-04', '09:00 - 10:00', '300000', 6),
	(4985, '2025-07-04', '13:00 - 14:00', '500000', 6),
	(4986, '2025-07-04', '14:00 - 15:00', '500000', 6),
	(4987, '2025-07-04', '15:00 - 16:00', '600000', 6),
	(4988, '2025-07-04', '16:00 - 17:00', '600000', 6),
	(4989, '2025-07-04', '17:00 - 18:00', '500000', 6),
	(4990, '2025-07-04', '06:00 - 07:30', '400000', 7),
	(4991, '2025-07-04', '07:30 - 09:00', '400000', 7),
	(4992, '2025-07-04', '09:00 - 10:30', '400000', 7),
	(4993, '2025-07-04', '13:00 - 15:00', '400000', 7),
	(4994, '2025-07-04', '15:00 - 16:30', '600000', 7),
	(4995, '2025-07-04', '16:30 - 18:00', '600000', 7),
	(4996, '2025-07-04', '18:00 - 19:30', '700000', 7),
	(4997, '2025-07-04', '19:30 - 21:00', '700000', 7),
	(4998, '2025-07-04', '21:00 - 22:30', '600000', 7),
	(4999, '2025-07-04', '06:00 - 07:30', '400000', 8),
	(5000, '2025-07-04', '07:30 - 09:00', '400000', 8),
	(5001, '2025-07-04', '09:00 - 10:30', '400000', 8),
	(5002, '2025-07-04', '13:00 - 15:00', '400000', 8),
	(5003, '2025-07-04', '15:00 - 16:30', '600000', 8),
	(5004, '2025-07-04', '16:30 - 18:00', '600000', 8),
	(5005, '2025-07-04', '18:00 - 19:30', '700000', 8),
	(5006, '2025-07-04', '19:30 - 21:00', '700000', 8),
	(5007, '2025-07-04', '21:00 - 22:30', '600000', 8),
	(5008, '2025-07-04', '06:00 - 07:30', '400000', 9),
	(5009, '2025-07-04', '07:30 - 09:00', '400000', 9),
	(5010, '2025-07-04', '09:00 - 10:30', '400000', 9),
	(5011, '2025-07-04', '13:00 - 15:00', '400000', 9),
	(5012, '2025-07-04', '15:00 - 16:30', '600000', 9),
	(5013, '2025-07-04', '16:30 - 18:00', '600000', 9),
	(5014, '2025-07-04', '18:00 - 19:30', '700000', 9),
	(5015, '2025-07-04', '19:30 - 21:00', '700000', 9),
	(5016, '2025-07-04', '21:00 - 22:30', '600000', 9),
	(5017, '2025-07-04', '06:00 - 07:00', '300000', 19),
	(5018, '2025-07-04', '07:00 - 08:00', '300000', 19),
	(5019, '2025-07-04', '08:00 - 09:00', '300000', 19),
	(5020, '2025-07-04', '09:00 - 10:00', '300000', 19),
	(5021, '2025-07-04', '13:00 - 14:00', '500000', 19),
	(5022, '2025-07-04', '14:00 - 15:00', '500000', 19),
	(5023, '2025-07-04', '15:00 - 16:00', '600000', 19),
	(5024, '2025-07-04', '16:00 - 17:00', '600000', 19),
	(5025, '2025-07-04', '17:00 - 18:00', '500000', 19),
	(5026, '2025-07-04', '06:00 - 07:00', '300000', 20),
	(5027, '2025-07-04', '07:00 - 08:00', '300000', 20),
	(5028, '2025-07-04', '08:00 - 09:00', '300000', 20),
	(5029, '2025-07-04', '09:00 - 10:00', '300000', 20),
	(5030, '2025-07-04', '13:00 - 14:00', '500000', 20),
	(5031, '2025-07-04', '14:00 - 15:00', '500000', 20),
	(5032, '2025-07-04', '15:00 - 16:00', '600000', 20),
	(5033, '2025-07-04', '16:00 - 17:00', '600000', 20),
	(5034, '2025-07-04', '17:00 - 18:00', '500000', 20),
	(5035, '2025-07-04', '06:00 - 07:00', '300000', 21),
	(5036, '2025-07-04', '07:00 - 08:00', '300000', 21),
	(5037, '2025-07-04', '08:00 - 09:00', '300000', 21),
	(5038, '2025-07-04', '09:00 - 10:00', '300000', 21),
	(5039, '2025-07-04', '13:00 - 14:00', '500000', 21),
	(5040, '2025-07-04', '14:00 - 15:00', '500000', 21),
	(5041, '2025-07-04', '15:00 - 16:00', '600000', 21),
	(5042, '2025-07-04', '16:00 - 17:00', '600000', 21),
	(5043, '2025-07-04', '17:00 - 18:00', '500000', 21),
	(5044, '2025-07-04', '06:00 - 07:30', '400000', 22),
	(5045, '2025-07-04', '07:30 - 09:00', '400000', 22),
	(5046, '2025-07-04', '09:00 - 10:30', '400000', 22),
	(5047, '2025-07-04', '13:00 - 15:00', '400000', 22),
	(5048, '2025-07-04', '15:00 - 16:30', '600000', 22),
	(5049, '2025-07-04', '16:30 - 18:00', '600000', 22),
	(5050, '2025-07-04', '18:00 - 19:30', '700000', 22),
	(5051, '2025-07-04', '19:30 - 21:00', '700000', 22),
	(5052, '2025-07-04', '21:00 - 22:30', '600000', 22),
	(5053, '2025-07-04', '06:00 - 07:30', '400000', 26),
	(5054, '2025-07-04', '07:30 - 09:00', '400000', 26),
	(5055, '2025-07-04', '09:00 - 10:30', '400000', 26),
	(5056, '2025-07-04', '13:00 - 15:00', '400000', 26),
	(5057, '2025-07-04', '15:00 - 16:30', '600000', 26),
	(5058, '2025-07-04', '16:30 - 18:00', '600000', 26),
	(5059, '2025-07-04', '18:00 - 19:30', '700000', 26),
	(5060, '2025-07-04', '19:30 - 21:00', '700000', 26),
	(5061, '2025-07-04', '21:00 - 22:30', '600000', 26),
	(5062, '2025-07-04', '06:00 - 07:30', '400000', 28),
	(5063, '2025-07-04', '07:30 - 09:00', '400000', 28),
	(5064, '2025-07-04', '09:00 - 10:30', '400000', 28),
	(5065, '2025-07-04', '13:00 - 15:00', '400000', 28),
	(5066, '2025-07-04', '15:00 - 16:30', '600000', 28),
	(5067, '2025-07-04', '16:30 - 18:00', '600000', 28),
	(5068, '2025-07-04', '18:00 - 19:30', '700000', 28),
	(5069, '2025-07-04', '19:30 - 21:00', '700000', 28),
	(5070, '2025-07-04', '21:00 - 22:30', '600000', 28),
	(5071, '2025-07-04', '06:00 - 07:30', '400000', 29),
	(5072, '2025-07-04', '07:30 - 09:00', '400000', 29),
	(5073, '2025-07-04', '09:00 - 10:30', '400000', 29),
	(5074, '2025-07-04', '13:00 - 15:00', '400000', 29),
	(5075, '2025-07-04', '15:00 - 16:30', '600000', 29),
	(5076, '2025-07-04', '16:30 - 18:00', '600000', 29),
	(5077, '2025-07-04', '18:00 - 19:30', '700000', 29),
	(5078, '2025-07-04', '19:30 - 21:00', '700000', 29),
	(5079, '2025-07-04', '21:00 - 22:30', '600000', 29),
	(5080, '2025-07-04', '06:00 - 07:30', '400000', 31),
	(5081, '2025-07-04', '07:30 - 09:00', '400000', 31),
	(5082, '2025-07-04', '09:00 - 10:30', '400000', 31),
	(5083, '2025-07-04', '13:00 - 15:00', '400000', 31),
	(5084, '2025-07-04', '15:00 - 16:30', '600000', 31),
	(5085, '2025-07-04', '16:30 - 18:00', '600000', 31),
	(5086, '2025-07-04', '18:00 - 19:30', '700000', 31),
	(5087, '2025-07-04', '19:30 - 21:00', '700000', 31),
	(5088, '2025-07-04', '21:00 - 22:30', '600000', 31),
	(5089, '2025-07-04', '06:00 - 07:00', '300000', 32),
	(5090, '2025-07-04', '07:00 - 08:00', '300000', 32),
	(5091, '2025-07-04', '08:00 - 09:00', '300000', 32),
	(5092, '2025-07-04', '09:00 - 10:00', '300000', 32),
	(5093, '2025-07-04', '13:00 - 14:00', '500000', 32),
	(5094, '2025-07-04', '14:00 - 15:00', '500000', 32),
	(5095, '2025-07-04', '15:00 - 16:00', '600000', 32),
	(5096, '2025-07-04', '16:00 - 17:00', '600000', 32),
	(5097, '2025-07-04', '17:00 - 18:00', '500000', 32),
	(5098, '2025-07-04', '06:00 - 07:00', '300000', 33),
	(5099, '2025-07-04', '07:00 - 08:00', '300000', 33),
	(5100, '2025-07-04', '08:00 - 09:00', '300000', 33),
	(5101, '2025-07-04', '09:00 - 10:00', '300000', 33),
	(5102, '2025-07-04', '13:00 - 14:00', '300000', 33),
	(5103, '2025-07-04', '14:00 - 15:00', '500000', 33),
	(5104, '2025-07-04', '15:00 - 16:00', '600000', 33),
	(5105, '2025-07-04', '16:00 - 17:00', '600000', 33),
	(5106, '2025-07-04', '17:00 - 18:00', '500000', 33),
	(5107, '2025-07-04', '06:00 - 07:30', '400000', 34),
	(5108, '2025-07-04', '07:30 - 09:00', '400000', 34),
	(5109, '2025-07-04', '09:00 - 10:30', '400000', 34),
	(5110, '2025-07-04', '13:00 - 15:00', '400000', 34),
	(5111, '2025-07-04', '15:00 - 16:30', '600000', 34),
	(5112, '2025-07-04', '16:30 - 18:00', '600000', 34),
	(5113, '2025-07-04', '18:00 - 19:30', '700000', 34),
	(5114, '2025-07-04', '19:30 - 21:00', '700000', 34),
	(5115, '2025-07-04', '21:00 - 22:30', '600000', 34),
	(5116, '2025-07-04', '06:00 - 07:30', '400000', 35),
	(5117, '2025-07-04', '07:30 - 09:00', '400000', 35),
	(5118, '2025-07-04', '09:00 - 10:30', '400000', 35),
	(5119, '2025-07-04', '13:00 - 15:00', '400000', 35),
	(5120, '2025-07-04', '15:00 - 16:30', '600000', 35),
	(5121, '2025-07-04', '16:30 - 18:00', '600000', 35),
	(5122, '2025-07-04', '18:00 - 19:30', '700000', 35),
	(5123, '2025-07-04', '19:30 - 21:00', '700000', 35),
	(5124, '2025-07-04', '21:00 - 22:30', '600000', 35);

-- Dumping structure for table qldatsan.types
CREATE TABLE IF NOT EXISTS `types` (
  `type_id` int NOT NULL AUTO_INCREMENT,
  `name` varchar(255) CHARACTER SET utf8mb4 COLLATE utf8mb4_unicode_ci NOT NULL,
  PRIMARY KEY (`type_id`)
) ENGINE=InnoDB AUTO_INCREMENT=29 DEFAULT CHARSET=utf8mb4 COLLATE=utf8mb4_unicode_ci;

-- Dumping data for table qldatsan.types: ~5 rows (approximately)
INSERT INTO `types` (`type_id`, `name`) VALUES
	(1, 'Sân bóng đá'),
	(2, 'Sân bóng rổ'),
	(3, 'Sân cầu lông'),
	(4, 'Sân bóng chuyền'),
	(22, 'Sân Tennis');

-- Dumping structure for table qldatsan.users
CREATE TABLE IF NOT EXISTS `users` (
  `user_id` int NOT NULL AUTO_INCREMENT,
  `username` varchar(255) CHARACTER SET utf8mb4 COLLATE utf8mb4_unicode_ci NOT NULL,
  `password` varchar(255) CHARACTER SET utf8mb4 COLLATE utf8mb4_unicode_ci NOT NULL,
  `role` int NOT NULL DEFAULT '1',
  `fullname` varchar(255) CHARACTER SET utf8mb4 COLLATE utf8mb4_unicode_ci NOT NULL,
  `gender` varchar(5) CHARACTER SET utf8mb4 COLLATE utf8mb4_unicode_ci NOT NULL,
  `birthdate` date NOT NULL,
  `phonenb` varchar(10) CHARACTER SET utf8mb4 COLLATE utf8mb4_unicode_ci NOT NULL,
  `email` varchar(255) CHARACTER SET utf8mb4 COLLATE utf8mb4_unicode_ci NOT NULL,
  PRIMARY KEY (`user_id`)
) ENGINE=InnoDB AUTO_INCREMENT=55 DEFAULT CHARSET=utf8mb4 COLLATE=utf8mb4_unicode_ci;

-- Dumping data for table qldatsan.users: ~2 rows (approximately)
INSERT INTO `users` (`user_id`, `username`, `password`, `role`, `fullname`, `gender`, `birthdate`, `phonenb`, `email`) VALUES
	(22, 'admin', '$2y$10$NQYaYwMmXgFVksHAotJkg.IHz1qO5V3cwQpml9vr/XZuLJHpppCN2', 0, 'Nguyễn Hữu Quang Minh', 'Nam', '2003-06-09', '0356645445', 'minhjune18@gmail.com'),
	(53, 'vanh', '$2y$10$pnlFTX9i9HkEia/TDiUJ5O6GWNboa6UfxE3asKgiBtjNDxOfrtHJ.', 2, 'Triệu Việt Anh', 'Nam', '2012-07-03', '0123456789', 'tva@gmail.com');

-- Dumping structure for table qldatsan.yards
CREATE TABLE IF NOT EXISTS `yards` (
  `yard_id` int NOT NULL AUTO_INCREMENT,
  `name` varchar(255) CHARACTER SET utf8mb4 COLLATE utf8mb4_unicode_ci NOT NULL,
  `type_id` int DEFAULT NULL,
  `status` varchar(50) COLLATE utf8mb4_unicode_ci NOT NULL DEFAULT '',
  PRIMARY KEY (`yard_id`) USING BTREE,
  KEY `type_id` (`type_id`),
  CONSTRAINT `FK_yards_types` FOREIGN KEY (`type_id`) REFERENCES `types` (`type_id`) ON DELETE CASCADE
) ENGINE=InnoDB AUTO_INCREMENT=45 DEFAULT CHARSET=utf8mb4 COLLATE=utf8mb4_unicode_ci;

-- Dumping data for table qldatsan.yards: ~20 rows (approximately)
INSERT INTO `yards` (`yard_id`, `name`, `type_id`, `status`) VALUES
	(1, 'Sân 1 (5 người)', 1, '0'),
	(2, 'Sân 2 (5 người)', 1, '0'),
	(4, 'Sân 1', 2, '0'),
	(5, 'Sân 2', 2, '0'),
	(6, 'Sân 1', 3, '0'),
	(7, 'Sân 1', 22, '0'),
	(8, 'Sân 2', 22, '0'),
	(9, 'Sân 3 (7 người)', 1, '0'),
	(19, 'Sân 2', 3, '0'),
	(20, 'Sân 3', 3, '0'),
	(21, 'Sân 4', 3, '0'),
	(22, 'Sân 1', 4, '0'),
	(26, 'Sân 4 (7 người)', 1, '0'),
	(28, 'Sân 5 (7 người)', 1, '0'),
	(29, 'Sân 6 (7 người)', 1, '0'),
	(31, 'Sân 7 (11 người)', 1, '1'),
	(32, 'Sân 5', 3, '0'),
	(33, 'Sân 6', 3, '0'),
	(34, 'Sân 2', 4, '0'),
	(35, 'Sân 3', 4, '0');

/*!40103 SET TIME_ZONE=IFNULL(@OLD_TIME_ZONE, 'system') */;
/*!40101 SET SQL_MODE=IFNULL(@OLD_SQL_MODE, '') */;
/*!40014 SET FOREIGN_KEY_CHECKS=IFNULL(@OLD_FOREIGN_KEY_CHECKS, 1) */;
/*!40101 SET CHARACTER_SET_CLIENT=@OLD_CHARACTER_SET_CLIENT */;
/*!40111 SET SQL_NOTES=IFNULL(@OLD_SQL_NOTES, 1) */;
